catkins**amentos
catmint**hierbabuena
catnap**siestecita
catnapped**atrapado
catnapping**siesta
catnaps**siestas
cats**gatos
catteries**catteries
cattery**criadero
cattier**Cattier
cattiest**más malicioso
cattily**cattily
cattish**malicioso
cattle**ganado
cattleman**vendedor
cattlemen**ganaderos
catty**malicioso
catwalk**pasadizo
catwalks**pasarelas
caucasian**caucásico
caucasus**Cáucaso
caucus**camarilla
caucuses**caucus
caucusing**caucusing
caucusses**caucusses
caught**atrapado
cauldron**caldera
cauldrons**calderos
cauliflower**coliflor
cauliflowers**coliflores
caulk**calafatear
caulked**calafateo
caulker**calafateador
caulkers**calafateadores
caulking**calafateo
caulks**calafatea
causal**causal
causality**causalidad
causally**causalmente
causation**causalidad
causative**causante
cause**porque
caused**causado
causeless**sin causa
causerie**charla
causes**causas
causeway**calzada elevada
causeways**calzadas
causing**causando
caustic**cáustico
caustically**cáusticamente
causticity**causticidad
cauterisation**cauterización
cauterise**cauterizar
cauterised**cauterizado
cauterises**cauteriza
cauterising**cauterización
cauterization**cauterización
cauterize**cauterizar
cauterized**cauterizado
cauterizes**cauteriza
cauterizing**cauterización
caution**precaución
cautionary**advertido
cautioned**advertido
cautioning**advirtiendo
cautions**precauciones
cautious**cauteloso
cautiously**cautelosamente
cautiousness**cautela
cavalcade**cabalgada
cavalcades**cabalgatas
cavalier**caballero
cavaliers**caballeros
cavalries**caballerías
cavalry**caballería
cavalryman**soldado de caballería
cavalrymen**hombres de caballería
cavan**cavan
cave**cueva
caveat**advertencia
caveats**advertencias
caved**derrumbado
caveman**cavernícola
cavemen**hombres de las cavernas
cavendish**Cavendish
cavern**caverna
cavernous**cavernoso
cavernously**cavernosamente
caverns**cavernas
caves**cuevas
caviar**caviar
caviare**caviar
cavil**reparo
cavilled**cavillado
caviller**caviller
cavillers**cavillers
cavilling**cavilando
cavils**cavillas
caviness**caries
caving**espeleología
cavitation**cavitación
cavitations**cavitaciones
cavities**caries
cavity**cavidad
cavort**cabriolar
cavorted**retozado
cavorting**retozar
cavorts**retorta
caw**graznar
cawed**graznado
cawing**graznando
caws**graznidos
caxton**caxton
cayenne**pimentón
cayman**caimán
cb**cb
cbi**cbi
cc**cc
cd**discos compactos
cease**cesar
ceased**cesado
ceaseless**incesante
ceaselessly**incesantemente
ceases**cesa
ceasing**cesar
ceasingly**incesantemente
cecil**Cecilio
cecile**cecile
cecilia**cecilia
cedar**cedro
cedars**cedros
cede**ceder
ceded**cedido
cedes**cedes
cedilla**cedilla
ceding**ceder
cedric**cedric
cegb**cegb
ceiling**techo
ceilings**techos
celandine**celidonia
celebes**celebra
celebrant**celebrante
celebrants**celebrantes
celebrate**celebrar
celebrated**celebrado
celebrates**celebra
celebrating**celebrando
celebration**celebracion
celebrations**celebraciones
celebrator**celebrador
celebrators**celebradores
celebratory**celebración
celebrities**famosos
celebrity**celebridad
celeriac**apio
celerity**hombre destacado
celery**apio
celestial**celestial
celia**celia
celiac**celíaco
celibacy**celibato
celibate**célibe
cell**célula
cellar**bodega
cellarage**cellarage
cellarer**bodega
cellars**bodegas
cellist**violoncelista
cellists**violonchelistas
cello**violonchelo
cellophane**celofán
cellos**violonchelos
cells**Células
cellular**celular
celluloid**celuloide
cellulose**celulosa
celsius**Celsius
celt**celta
celtic**céltico
celts**celtas
cement**cemento
cementation**cementación
cemented**cementado
cementing**cementación
cements**cementos
cemeteries**cementerios
cemetery**cementerio
cen**cen
cenotaph**cenotafio
censor**censurar
censored**censurado
censorial**censura
censoring**censurando
censorious**censurador
censoriously**censuradamente
censors**censores
censorship**censura
censurable**censurable
censure**censura
censured**censurado
censures**censuras
censuring**censurando
census**censo
censuses**censos
cent**centavo
centaur**centauro
centaurs**centauros
centaury**centauro
centenarian**centenario
centenary**centenario
centennial**centenario
centered**centrado
centering**centrado
centigrade**centígrado
centigram**centigramo
centigrams**centigramos
centilitre**centilitro
centilitres**centilitros
centime**céntimo
centimetre**centímetro
centimetres**centímetros
centipede**ciempiés
centipedes**ciempiés
central**central
centralisation**centralización
centralise**centralizar
centralised**centralizado
centralises**centraliza
centralising**centralizando
centralism**centralismo
centralist**centralista
centralists**centralistas
centrality**centralidad
centralization**centralización
centralize**centralizar
centralized**centralizado
centralizes**centraliza
centralizing**centralizando
centrally**centralmente
centre**centrar
centred**centrado
centrepiece**habitación central
centres**centros
centric**céntrico
centrifugal**centrífugo
centrifugate**centrifugar
centrifugation**centrifugación
centrifuge**centrífugo
centrifuged**centrifugado
centrifuges**centrifugadoras
centrifuging**centrifugación
centring**centrado
centripetal**centrípeto
centrist**centrista
centroid**centroide
centronics**centronics
cents**centavos
centuries**siglos
centurion**centurion