auschwitz**auschwitz
auspice**auspicio
auspices**auspicios
auspicious**propicio
auspiciously**favorablemente
auspiciousness**buenos auspicios
austen**austero
austere**austero
austerely**austeramente
austerity**austeridad
austin**austin
austral**austral
australasia**australasia
australia**Australia
australian**australiano
australians**australianos
austria**Austria
austrian**austriaco
austrians**austriacos
authentic**auténtico
authentically**auténticamente
authenticate**autenticar
authenticated**autenticado
authenticates**autentica
authenticating**autenticando
authentication**autenticación
authentications**autenticaciones
authenticator**autenticador
authenticators**autenticadores
authenticity**autenticidad
author**autor
authoress**autora
authoresses**autoras
authorisation**autorización
authorise**autorizar
authorised**autorizado
authorises**autoriza
authorising**autorizando
authoritarian**autoritario
authoritative**autoritario
authoritatively**con autoridad
authorities**autoridades
authority**autoridad
authorization**autorización
authorizations**autorizaciones
authorize**autorizar
authorized**autorizado
authorizer**autorizador
authorizes**autoriza
authorizing**autorizando
authors**autores
authorship**paternidad literaria
autism**autismo
autistic**autista
auto**auto
autobiographer**autobiógrafo
autobiographical**autobiográfico
autobiographies**autobiografías
autobiography**autobiografía
autoclave**autoclave
autocollimate**autocollimate
autocollimator**autocollimator
autocorrelate**autocorrelar
autocracies**autocracias
autocracy**autocracia
autocrat**autócrata
autocratic**autocrático
autocrats**autócratas
autocue**apuntador
autograph**autógrafo
autographs**autógrafos
automat**aparato mecánico
automata**autómatas
automate**automatizar
automated**automatizado
automates**automatiza
automatic**automático
automatically**automáticamente
automatics**automáticos
automating**automatizar
automation**automatización
automaton**autómata
automobile**automóvil
automobiles**automóviles
autonomic**autonómico
autonomous**autónomo
autonomously**autónomamente
autonomy**autonomía
autopsied**autopsia
autopsies**autopsias
autopsy**autopsia
autoregressive**autorregresivo
autos**autos
autosuggestible**autosuggestible
autumn**otoño
autumnal**otoñal
autumns**otoños
auxiliaries**tropas auxiliares
auxiliary**auxiliar
avail**aprovechar
availabilities**disponibilidades
availability**disponibilidad
available**disponible
availed**aprovechado
availing**aprovechando
avails**aprovecha
avalanche**avalancha
avalanches**avalanchas
avarice**avaricia
avaricious**avaro
avariciously**avariciosamente
avaunt**avaunt
avebury**avebury
avenge**vengar
avenged**vengado
avengeful**vengativo
avenger**vengador
avengers**Vengadores
avenges**venganzas
avenging**vengar
avenue**avenida
avenues**avenidas
aver**afirmar
average**promedio
averaged**promediado
averages**promedios
averaging**promediando
averred**afirmado
averring**avergonzado
avers**avers
averse**contrario
aversely**contrariamente
aversion**aversión
aversions**aversiones
avert**evitar
averted**evitado
averting**evitando
averts**evita
aviaries**pajareras
aviary**pajarera
aviate**aviarse
aviated**aviado
aviates**se avia
aviating**aviador
aviation**aviación
aviator**aviador
aviators**aviadores
aviatrices**aviatrices
aviatrix**aviatrix
avid**ávido
avidity**avidez
avidly**ávidamente
avocado**aguacate
avocados**aguacates
avocate**evitar
avocation**pasatiempo
avocet**avoceta
avocets**Avocets
avoid**evitar
avoidable**evitable
avoidably**evitablemente
avoidance**evitación
avoided**evitado
avoiding**evitando
avoids**evita
avoirdupois**avoirdupois
avon**avon
avow**confesar
avowal**confesión
avowed**declarado
avowedly**declaradamente
avowing**declarando
avows**declara
avuncular**de tío
await**esperar
awaited**esperado
awaiting**esperando
awaits**espera
awake**despierto
awaked**despierto
awaken**despertar
awakened**despertado
awakening**despertar
awakens**despierta
awakes**despierta
awaking**despertando
award**premio
awarded**galardonado
awarding**concesión
awards**premios
aware**consciente
awareness**conciencia
awash**inundado
away**lejos
awe**temor
aweary**cansado
awed**asombrado
aweigh**pesar
awes**awes
awesome**increíble
awesomely**asombrosamente
awesomeness**genialidad
awful**horrible
awfully**muy
awfulness**horror
awhile**Un rato
awhirl**remolino
awing**awing
awkward**torpe
awkwardly**embarazosamente
awkwardness**torpeza
awl**punzón
awls**desconcierta
awn**arista
awning**toldo
awnings**toldos
awoke**despertó
awoken**despertado
awol**ausente sin permiso
awry**torcido
axe**hacha
axed**hacha
axes**hachas
axial**axial
axially**axialmente
axing**hacha
axiology**axiología
axiom**axioma
axiomatic**axiomático
axiomatically**axiomáticamente
axioms**axiomas
axis**eje
axisymmetric**eje asimétrico
axle**eje
axles**ejes
axminster**axminster
ay**sí
aye**sí
ayes**ayes
aylesbury**aylesbury
ayr**ayr
aysgarth**aysgarth
azalea**azalea
azaleas**azaleas
azerbaijan**azerbaiyán
azimuth**azimut
azimuthal**azimutal
azonal**azonal
azores**azores
aztec**azteca
azure**azur
b**segundo
ba**licenciado en Letras
baba**baba
babble**balbucear
babbled**balbuceó
babbler**charlatán
babblers**balbuceadores
babbles**balbuceos
babbling**balbuceo
babe**bebé