cookery**cocina
cookie**Galleta
cookies**galletas
cooking**cocina
cooks**cocineros
cool**guay
coolant**refrigerante
coolants**refrigerantes
cooled**enfriado
cooler**enfriador
coolers**refrigeradores
coolest**más cool
coolheaded**cabeza fría
coolidge**coolidge
coolie**culi
coolies**coolies
cooling**enfriamiento
coolish**coolish
coolly**fríamente
coolness**frescura
coolnesses**frescura
cools**se enfría
coomb**garganta
coombs**Coombs
coop**cooperativa
cooped**arrullado
cooper**cobre
cooperate**cooperar
cooperated**cooperado
cooperates**coopera
cooperating**cooperando
cooperation**cooperación
cooperative**cooperativa
cooperatively**cooperativamente
cooperatives**cooperativas
cooperator**cooperador
cooperators**cooperadores
coopers**toneleros
coops**cooperativas
coopt**cooptar
coopted**cooptado
coopting**coopting
cooption**coopción
coopts**coopts
coordinance**coordinación
coordinate**coordinar
coordinated**coordinado
coordinately**coordinadamente
coordinateness**coordinación
coordinates**coordenadas
coordinating**coordinando
coordination**coordinación
coordinative**coordinativo
coordinator**coordinador
coordinators**coordinadores
coot**focha
coots**fochas
cop**policía
cope**capa pluvial
coped**afrontado
copeland**copeland
copenhagen**Copenhague
copernican**copernicano
copernicus**Copérnico
copes**afronta
cophetua**cophetua
copied**copiado
copier**copiador
copiers**copiadoras
copies**copias
copilot**copiloto
coping**albardilla
copings**cofias
copious**copioso
copiously**copiosamente
copiousness**copiosidad
coplanar**coplanar
copolymer**copolímero
copout**copout
copped**recogido
copper**cobre
copperfield**Copperfield
copperhead**cabeza de cobre
coppering**cobreado
copperish**cobrizo
copperplate**Plato de cobre
coppers**cobres
coppersmith**cobrero
coppersmiths**caldereros
coppery**cobreño
coppice**matorral
coppices**coppices
copping**arreglándose
coprocessor**coprocesador
cops**policías
copse**bosquecillo
copses**cadáveres
coptic**copto
copulate**copular
copulated**copulado
copulates**copula
copulating**copulando
copulation**cópula
copulations**cópulas
copulative**copulativo
copy**dupdo
copybook**libro de copiar
copybooks**cuadernos
copycat**imitador
copycats**imitadores
copying**proceso de copiar
copyist**copista
copyists**copistas
copyright**derechos de autor
copyrighted**derechos de autor
copyrights**derechos de autor
copywriter**redactor
copywriters**redactores
cor**cor
coracle**coracle
coracles**coracles
coral**coral
coralberry**coralberry
corallaceous**coralino
corbett**corbett
corby**corby
cord**cable
cordage**cordería
corded**cortado
cordelia**cordelia
cordial**cordial
cordialities**cordialidades
cordiality**cordialidad
cordially**cordialmente
cordialness**cordialidad
cordials**cordiales
cordite**cordita
cordoba**córdoba
cordon**cordón
cordons**cordones
cords**cordones
corduroy**pana
corduroys**pana
core**núcleo
cored**humedo
coreless**sin núcleo
corer**corer
corers**corers
cores**núcleos
corfu**Corfú
corgi**corgi
corgis**corgis
coriander**cilantro
coring**núcleo
corinth**Corinto
corinthian**corintio
corinthians**corintios
coriolanus**coriolano
cork**corcho
corkage**descorche
corked**que sabe a corcho
corker**bola
corkers**tapones de corcho
corking**taponado
corks**corchos
corkscrew**sacacorchos
corkscrews**sacacorchos
corky**taponado
cormorant**cormorán
cormorants**cormoranes
corn**maíz
cornbread**pan de maíz
corncob**elote
cornea**córnea
corneal**corneal
corneas**córneas
corned**acecinado
cornelius**cornelio
cornell**Cornell
corner**esquina
cornered**arrinconado
cornering**arrinconar
corners**rincones
cornerstone**piedra angular
cornet**cucurucho
cornets**cucuruchos
cornfield**maizal
cornfields**campos de maíz
cornflour**Harina de maíz
cornflower**florecimiento de maíz
cornflowers**acianos
cornice**cornisa
corniest**el más cornudo
cornish**de Cornualles
cornmeal**harina de maíz
corns**callos
cornstalk**maicena
cornstalks**tallos de maiz
cornstarch**maicena
cornucopia**cuerno de la abundancia
cornwall**Cornualles
corny**cursi
corollaries**corolarios
corollary**corolario
corona**corona
coronae**coronas
coronal**coronal
coronaries**coronarias
coronary**coronario
coronas**coronas
coronate**coronar
coronation**coronación
coronations**coronaciones
coroner**juez de instrucción
coroners**forenses
coronet**corona
coronets**coronas
corpora**corpus
corporal**corporal
corporals**cabos
corporate**corporativo
corporately**corporativamente
corporateness**corporativismo
corporation**sociedad
corporations**corporaciones
corporative**corporativo
corporeal**corpóreo
corporeality**corporeidad
corps**cuerpo
corpse**cadáver
corpses**cadáveres
corpsman**cuerpo de policía
corpsmen**cadáveres
corpulence**corpulencia
corpulency**corpulencia
corpulent**corpulento
corpulently**corpulentamente
corpus**cuerpo
corpuscle**corpúsculo
corpuscles**corpúsculos
corpuscular**corpuscular
corral**corral
corralled**acorralado
corralling**acorralar
corrals**corrales
correct**correcto
correctable**corregible
corrected**corregido
correcting**de corrección
correction**corrección
correctional**correccional
corrections**correcciones
correctitude**corrección
corrective**correctivo
correctly**correctamente
correctness**exactitud
corrector**corrector
correctors**correctores
corrects**corrige
correlate**correlación
correlated**correlacionado