century**siglo
ceramic**cerámico
ceramics**cerámica
ceramium**ceramio
cereal**cereal
cereals**cereales
cerebellum**cerebelo
cerebral**cerebral
cerebrate**cerebrato
cerebrated**cerebrado
cerebrates**cerebrados
cerebrating**cerebrating
cerebrum**cerebro
ceremonial**ceremonial
ceremonially**ceremonialmente
ceremonies**ceremonias
ceremonious**ceremonioso
ceremoniously**ceremoniosamente
ceremony**ceremonia
cerise**cereza
cerium**cerio
certain**cierto
certainly**ciertamente
certainty**certeza
certes**certes
certifiable**certificable
certifiably**certificablemente
certificate**certificado
certificated**titulado
certificates**certificados
certificating**certificando
certification**proceso de dar un título
certified**certificado
certifies**certifica
certify**certificar
certifying**certificando
certitude**certidumbre
certitudes**certitudes
cervantes**cervantes
cervical**cervical
cervix**cerviz
cessation**cesación
cessna**Cessna
ceylon**Ceilán
cezanne**cezanne
ch**ch
chablis**chablis
chad**Chad
chadwick**Chadwick
chafe**rozar
chafed**irritado
chafer**escarabajo
chafes**cafeterías
chaff**paja
chaffed**rozado
chaffinch**pinzón
chaffinches**pinzones
chaffing**rozaduras
chaffs**paja
chaffweed**pantano
chafing**excoriación
chagall**chagall
chagford**Chagford
chagrin**disgusto
chain**cadena
chained**encadenado
chaining**encadenamiento
chainlet**cadenita
chainlike**en cadena
chains**cadenas
chair**silla
chaired**presidido
chairing**presidir
chairlady**presidenta
chairman**presidente
chairmanship**presidencia
chairmanships**presidencias
chairmen**presidentes
chairperson**presidente
chairpersons**presidentes
chairs**sillas
chairwoman**presidenta
chairwomen**presidentas
chalder**chalder
chalders**calderos
chalet**chalet
chalets**chalets
chalice**cáliz
chalices**cálices
chalk**tiza
chalked**tiza
chalkiness**tiza
chalking**tiza
chalks**tizas
chalky**gredoso
challenge**reto
challengeability**impugnabilidad
challengeable**desafiante
challengeably**desafiante
challenged**desafiado
challenger**desafiador
challengers**retadores
challenges**desafíos
challenging**desafiante
challengingly**desafiante
chamber**cámara
chambered**cámara
chamberlain**chambelán
chamberlains**chambelanes
chambermaid**camarera
chambermaids**camareras
chambers**cámaras
chameleon**camaleón
chameleons**camaleones
chamfer**chaflán
chamfered**biselado
chamfering**biselado
chamfers**chaflanes
chamois**gamuza
chamomile**manzanilla
champ**mordimiento
champagne**champán
champagnes**champanes
champed**champed
champing**acampar
champion**campeón
championed**defendido
championing**defendiendo
champions**campeones
championship**campeonato
championships**campeonatos
champs**campeones
chance**oportunidad
chanced**casualmente
chancel**coro y presbiterio
chancellor**canciller
chancellors**cancilleres
chancels**presbiterios
chanceries**carnicerias
chancery**cancillería
chances**posibilidades
chancing**cambiando
chancre**chancro
chancy**arriesgado
chandelier**candelabro
chandeliers**candelabros
chandler**velero
chandleries**chandleries
chandlers**Chandlers
chandlery**velería
changchun**Changchun
change**cambio
changeability**posibilidad de cambiar
changeable**cambiable
changeably**cambiantemente
changed**cambiado
changeless**invariable
changeling**changeling
changelings**cambiantes
changeover**cambio
changeovers**cambios
changer**cambiador
changes**cambios
changing**cambiando
changingly**cambiantemente
changsha**changsha
channel**canal
channelled**canalizado
channelling**canalización
channels**canales
chant**canto
chanted**cantado
chanter**cantor
chantilly**Chantilly
chanting**cantando
chantress**chantress
chantry**capellanía
chants**cantos
chaos**caos
chaotic**caótico
chaotically**caóticamente
chap**Cap
chapatti**chapatti
chapel**capilla
chapels**capillas
chaperon**carabina
chaperone**chaperona
chaperoned**acompañado
chaperones**chaperones
chaperoning**acompañando
chaplain**capellán
chaplaincy**capellanía
chaplains**capellanes
chaplin**Chaplin
chapman**chapman
chapped**agrietado
chapping**agrietado
chaps**chaparreras
chapter**capítulo
chapters**capítulos
char**carbonizarse
character**personaje
characterisation**caracterización
characterisations**caracterizaciones
characterise**caracterizar
characterised**caracterizada
characterises**caracteriza
characterising**caracterizando
characteristic**característica
characteristically**de rasgo
characteristics**caracteristicas
characterization**caracterización
characterize**caracterizar
characterized**caracterizada
characterizes**caracteriza
characterizing**caracterizando
characterless**sin carácter
characterlessness**falta de personalidad
characters**caracteres
charade**farsa
charades**charadas
charcoal**carbón
charcoaled**carboncillo
charcuterie**charcutería
chard**acelga
chardin**chardin
charge**cargar
chargeable**cobrable
charged**cargado
charger**cargador
chargers**cargadores
charges**cargos
charging**cargando
charily**cariñosamente
chariness**atención
chariot**carruaje
chariots**carros
charisma**carisma
charismatic**carismático
charitable**Caritativo
charitably**caritativamente
charities**organizaciones benéficas
charity**caridad
charlatan**charlatán
charlatans**charlatanes
charles**Charles
charleston**charlestón
charley**charley
charlie**Charlie
charlies**charlies
charlock**planta de campos
charlotte**Charlotte
charm**encanto
charmed**Encantado
charmer**hombre encantador
charmers**encantadores
charming**encantador
charmingly**encantadoramente
charmless**sin encanto
charmlessly**sin encanto
charms**encantos